{"providers":[{"file":"superior_chat:8.png","chars":["ア"],"height":7,"ascent":7,"type":"bitmap"},{"file":"superior_chat:7.png","chars":["カ"],"height":7,"ascent":7,"type":"bitmap"},{"file":"superior_chat:6.png","chars":["サ"],"height":7,"ascent":7,"type":"bitmap"},{"file":"superior_chat:5.png","chars":["タ"],"height":7,"ascent":7,"type":"bitmap"},{"file":"superior_chat:4.png","chars":["マ"],"height":7,"ascent":7,"type":"bitmap"},{"file":"superior_chat:3.png","chars":["親"],"height":7,"ascent":7,"type":"bitmap"},{"file":"superior_chat:2.png","chars":["ト"],"height":7,"ascent":7,"type":"bitmap"},{"file":"superior_chat:1.png","chars":["エ"],"height":7,"ascent":7,"type":"bitmap"},{"file":"superior_chat:0.png","chars":["テ"],"height":7,"ascent":7,"type":"bitmap"},{"file":"superior_chat:022.png","chars":["ュ"],"height":7,"ascent":7,"type":"bitmap"}]}